{
  "config": {
    "_algo": "v1",
    "allow_illegal_reference": false,
    "allow_unstable_reference": false,
    "branch": "negative",
    "com_offset": 0.38666666666666644,
    "d_target": 0.5846703938339892,
    "damping1": 0.0,
    "damping2": 0.0,
    "dt": 0.005,
    "gamma": 0.0,
    "gif_fps": 24,
    "gif_frames": 90,
    "gravity": 9.81,
    "l1": 0.314,
    "l2": 0.314,
    "m1": 1.041,
    "m2": 1.041,
    "max_speed": 5.0,
    "min_normal_speed": 0.0,
    "root_maxiter": 60,
    "root_rtol": 1e-10,
    "root_xtol": 1e-10,
    "source_com": "results\\com_sweep_latest.npz",
    "speed_points": 41,
    "t_max": 8.0,
    "theta_max_deg": 180.0,
    "theta_min_deg": 0.0,
    "theta_points": 37
  },
  "figures": {
    "main": "gamma0_passive_reference_9fa05cb8e681__main.png"
  },
  "hash": "9fa05cb8e681",
  "part": "gamma0_passive_reference",
  "summary": {
    "branch": "negative",
    "candidate_count": 40,
    "com_offset": 0.38666666666666644,
    "d_target": 0.5846703938339892,
    "duration_s": 0.645980224013329,
    "gamma": 0.0,
    "kinetic_final_J": 0.026986107976888156,
    "kinetic_initial_J": 0.026986109894357534,
    "legal": true,
    "reference_energy_J": 0.026986109894357534,
    "source_com": "results\\com_sweep_latest.npz",
    "spectral_radius": 0.695419852769774,
    "speed": 0.6189226489745511,
    "stable": true,
    "theta_deg": 119.99999999999999,
    "total_final_J": -2.048614919692542,
    "total_initial_J": -2.048614917687603,
    "v_n": 0.5360027369895201,
    "v_t": -0.3094613244872754
  }
}